contents,weight
quis augue luctus tincidunt nulla mollis,14.71
tincidunt lacus at velit vivamus vel nulla eget eros elementum pellentesque quisque porta volutpat erat quisque erat eros,11.54
donec ut,17.09
lectus aliquam sit amet diam in magna bibendum imperdiet nullam orci pede venenatis,12.73
sem sed sagittis nam congue risus,4.84
consequat in consequat ut nulla sed accumsan felis ut,12.81
at nibh,14.73
enim sit,16.62
sit amet sapien dignissim vestibulum vestibulum ante ipsum primis in faucibus orci luctus,15.2
odio justo,12.66
donec,5.28
augue a suscipit nulla elit ac nulla sed,13.36
ipsum aliquam non mauris morbi non lectus aliquam sit amet diam in magna bibendum imperdiet nullam orci pede,9.85
venenatis turpis enim blandit,5.64
venenatis tristique fusce congue diam id ornare imperdiet,3.24
aenean fermentum donec ut mauris eget massa tempor convallis nulla neque libero convallis eget eleifend luctus ultricies eu,13.54
viverra eget congue,3.7
in faucibus orci luctus et ultrices posuere cubilia curae donec pharetra magna vestibulum aliquet ultrices,2.83
sagittis dui vel nisl duis ac nibh fusce lacus purus aliquet at feugiat,5.71
aliquet ultrices erat,9.68
risus semper porta volutpat quam pede,11.27
at velit eu est congue,5.43
praesent blandit lacinia erat vestibulum sed magna at nunc commodo placerat praesent blandit nam,8.62
convallis morbi odio odio elementum,10.29
eget vulputate ut ultrices vel augue vestibulum ante ipsum primis in faucibus orci luctus,14.93
cubilia curae nulla dapibus dolor vel est donec odio justo sollicitudin ut suscipit a feugiat et eros vestibulum ac est,1.29
aliquam non mauris morbi non lectus aliquam sit amet diam,10.18
sem praesent id massa id nisl,1.97
lacinia erat vestibulum sed magna at nunc commodo placerat praesent blandit nam,12.14
etiam pretium iaculis justo in hac habitasse platea dictumst etiam faucibus cursus urna ut tellus nulla ut erat id,15.12
nullam sit amet turpis elementum ligula vehicula consequat morbi a ipsum integer a nibh in quis justo maecenas,8.02
id luctus nec molestie sed justo pellentesque viverra pede,12.12
quam,14.88
dui maecenas,2.34
lacus curabitur at ipsum ac tellus semper interdum mauris ullamcorper purus sit amet,16.19
volutpat erat,14.31
quam turpis adipiscing lorem vitae mattis nibh ligula nec sem duis aliquam convallis nunc proin at,8.55
eget massa tempor convallis nulla neque libero convallis eget eleifend luctus ultricies eu nibh quisque,8.81
et,18.62
luctus rutrum nulla tellus in sagittis dui vel nisl duis ac nibh fusce lacus purus aliquet,1.66
maecenas,15.71
adipiscing lorem vitae mattis nibh ligula nec sem duis aliquam convallis nunc proin at turpis a,13.79
a nibh in quis,16.96
orci luctus et ultrices,13.03
arcu libero rutrum ac lobortis vel dapibus at diam nam tristique tortor,2.01
sapien quis libero nullam sit amet turpis elementum ligula vehicula consequat morbi a ipsum integer a,18.62
ut suscipit a feugiat et eros vestibulum ac est lacinia nisi venenatis tristique fusce congue,6.34
ligula in lacus curabitur at ipsum ac tellus semper interdum mauris ullamcorper purus sit amet nulla quisque arcu,14.18
placerat praesent blandit,2.96
sapien placerat ante nulla justo aliquam quis turpis eget elit sodales scelerisque mauris sit amet eros suspendisse accumsan tortor quis,11.49
iaculis congue vivamus metus arcu adipiscing molestie hendrerit at vulputate vitae,8.22
nibh in quis justo maecenas rhoncus aliquam lacus morbi quis tortor id,7.32
vitae quam suspendisse potenti nullam porttitor lacus at turpis donec posuere metus vitae,9.57
quisque id justo sit amet sapien dignissim vestibulum vestibulum ante ipsum,9.12
tortor,6.42
sollicitudin vitae consectetuer eget rutrum at lorem integer tincidunt ante vel ipsum praesent blandit lacinia erat,4.1
convallis morbi odio,19.13
tristique est et tempus,18.08
ultrices posuere cubilia curae nulla dapibus dolor vel est donec odio justo sollicitudin ut suscipit a,20.0
ac consequat metus sapien ut nunc vestibulum ante ipsum primis in faucibus orci luctus et ultrices posuere cubilia curae,1.21
nulla ut erat id mauris vulputate elementum nullam varius nulla facilisi cras non velit nec nisi vulputate nonummy maecenas,11.61
felis ut at dolor quis odio consequat varius integer ac leo pellentesque ultrices,8.65
mauris vulputate elementum nullam varius nulla facilisi cras non velit nec nisi vulputate nonummy maecenas tincidunt lacus at,2.98
tellus in sagittis dui vel nisl duis ac nibh fusce lacus purus aliquet at feugiat non pretium quis,16.98
quam turpis adipiscing lorem vitae mattis nibh ligula nec,7.2
eu nibh quisque id justo sit amet sapien dignissim vestibulum vestibulum,1.93
gravida nisi at nibh in hac,3.52
amet justo,11.14
tristique est et tempus semper est quam pharetra magna ac consequat metus sapien,4.96
aliquam lacus morbi quis tortor id nulla,2.7
cras non velit nec nisi vulputate nonummy maecenas tincidunt lacus at velit,14.38
sodales scelerisque mauris sit amet eros suspendisse accumsan tortor quis turpis sed ante,11.09
at feugiat non pretium quis lectus suspendisse potenti in eleifend quam a odio in,2.84
amet eleifend pede libero quis orci nullam molestie nibh,12.05
volutpat quam pede lobortis ligula sit amet eleifend pede libero quis,14.64
pellentesque ultrices mattis odio donec vitae nisi nam ultrices libero non mattis pulvinar nulla pede ullamcorper,4.47
leo odio porttitor id,8.75
velit eu est congue elementum in hac habitasse platea dictumst morbi vestibulum velit id pretium iaculis diam erat,11.05
massa donec dapibus duis at velit eu est congue elementum in hac habitasse,1.25
nam dui proin leo odio porttitor id consequat in,11.37
ultrices aliquet maecenas leo odio condimentum,13.97
proin at turpis a pede posuere,15.19
augue quam sollicitudin vitae consectetuer eget rutrum at lorem integer tincidunt ante,7.72
eu nibh quisque id justo sit,14.26
ornare imperdiet,5.53
neque sapien placerat ante nulla justo aliquam quis turpis eget,6.16
nulla ultrices aliquet maecenas leo odio condimentum id luctus nec molestie sed justo pellentesque viverra pede ac,4.07
nisi venenatis tristique fusce congue diam id ornare,6.5
quisque ut erat curabitur gravida nisi at nibh in,11.73
congue vivamus metus arcu,19.96
pede,16.09
turpis a pede,3.51
risus dapibus augue vel accumsan tellus nisi eu orci,17.8
eu magna vulputate,6.71
arcu,14.04
quis augue luctus tincidunt nulla mollis molestie lorem quisque ut erat curabitur gravida nisi at nibh in,14.9
lacus at velit vivamus vel,9.62
sociis natoque penatibus,17.48
in sagittis dui vel nisl duis ac nibh,13.38
aliquet ultrices erat tortor sollicitudin mi,6.83
diam id ornare imperdiet sapien urna pretium nisl ut volutpat sapien,1.72
amet nunc viverra dapibus nulla suscipit ligula in lacus curabitur at ipsum ac tellus semper,17.12
nullam varius,4.12
luctus rutrum nulla tellus in sagittis dui vel nisl duis,15.09
iaculis diam erat fermentum,5.07
integer pede justo lacinia eget tincidunt eget tempus vel pede morbi porttitor lorem id,14.99
nulla neque libero convallis eget eleifend luctus ultricies eu nibh quisque id justo sit amet sapien dignissim,8.43
venenatis tristique fusce congue diam id ornare imperdiet sapien urna pretium nisl ut volutpat sapien arcu,15.5
in hac habitasse platea dictumst aliquam augue quam sollicitudin vitae,1.99
ridiculus mus etiam vel augue vestibulum rutrum rutrum neque aenean auctor gravida sem praesent id massa id,3.38
lectus pellentesque at nulla suspendisse potenti cras in purus eu magna,7.56
erat volutpat in congue etiam justo etiam pretium iaculis,6.4
est congue elementum in hac habitasse platea dictumst morbi vestibulum velit id pretium iaculis,18.85
ligula pellentesque ultrices phasellus id sapien in sapien iaculis congue vivamus metus arcu,3.21
vitae quam suspendisse potenti nullam,10.49
phasellus sit amet erat,8.15
sit amet consectetuer adipiscing elit proin risus praesent lectus vestibulum quam sapien varius ut blandit,16.38
faucibus cursus urna ut tellus nulla ut erat id mauris vulputate elementum,10.38
sed tincidunt eu felis fusce posuere felis sed lacus morbi sem mauris laoreet ut rhoncus aliquet pulvinar sed,6.98
justo eu massa,14.65
dignissim vestibulum vestibulum ante ipsum primis in faucibus orci luctus,15.37
tempus vel pede morbi porttitor lorem id ligula suspendisse ornare consequat lectus,16.15
proin interdum mauris non ligula pellentesque ultrices phasellus id sapien in sapien iaculis congue vivamus metus arcu,5.94
dictumst etiam faucibus cursus urna,8.81
in blandit ultrices enim lorem ipsum dolor sit amet consectetuer,5.78
ac enim in tempor turpis nec euismod scelerisque quam turpis adipiscing lorem vitae mattis nibh ligula nec sem,2.79
molestie sed justo pellentesque viverra pede ac diam cras pellentesque volutpat dui maecenas tristique est,9.92
nisl nunc rhoncus dui vel sem sed sagittis nam congue risus semper porta volutpat quam pede,3.53
nulla suspendisse potenti cras in purus,16.04
duis,10.13
id nisl venenatis lacinia aenean sit amet justo morbi ut,18.73
hac habitasse platea dictumst maecenas ut massa quis augue luctus tincidunt nulla mollis molestie lorem,2.15
non ligula pellentesque ultrices phasellus id sapien,17.53
amet justo morbi ut odio,9.51
convallis nulla neque libero convallis,11.99
vel nulla eget eros,8.18
neque aenean auctor gravida sem praesent id massa id,17.09
diam in magna bibendum imperdiet nullam,3.05
in felis donec semper sapien a libero nam dui proin leo odio porttitor id consequat in consequat ut nulla sed,6.38
consectetuer,13.86
platea dictumst aliquam augue quam sollicitudin vitae consectetuer eget rutrum at lorem integer,5.44
quisque id justo sit amet sapien dignissim vestibulum vestibulum ante ipsum primis in faucibus orci luctus,8.78
purus eu magna vulputate luctus cum sociis natoque penatibus et magnis dis parturient montes,19.27
sed tincidunt eu felis fusce posuere felis sed lacus,17.81
eget massa tempor convallis nulla neque libero convallis eget eleifend luctus ultricies,10.51
habitasse,4.25
cubilia curae duis faucibus accumsan odio curabitur convallis duis consequat dui nec nisi volutpat eleifend donec ut dolor,14.57
donec odio justo sollicitudin ut,15.39
vitae quam suspendisse,7.02
lectus aliquam sit amet diam in magna bibendum imperdiet nullam orci pede venenatis non sodales sed tincidunt eu felis fusce,4.68
nam nulla integer pede justo lacinia eget tincidunt eget tempus vel pede morbi porttitor lorem id ligula,12.9
in hac habitasse,16.08
proin leo odio porttitor id,5.42
platea dictumst maecenas ut massa,5.35
ultrices phasellus id sapien in sapien iaculis congue vivamus metus arcu adipiscing molestie hendrerit at vulputate vitae nisl aenean lectus,19.12
maecenas tristique est,11.56
parturient montes nascetur ridiculus mus etiam vel augue vestibulum rutrum rutrum neque aenean auctor,7.19
eget tempus vel pede morbi porttitor lorem id ligula suspendisse ornare consequat,3.13
lorem ipsum dolor sit amet consectetuer adipiscing,17.35
odio condimentum id luctus nec molestie sed justo pellentesque viverra,1.2
et ultrices posuere cubilia curae duis faucibus accumsan odio curabitur convallis duis consequat dui nec nisi volutpat eleifend donec,9.19
nulla ultrices aliquet maecenas leo odio condimentum id luctus nec molestie sed justo pellentesque viverra pede ac,10.15
risus semper porta volutpat quam pede,5.85
augue a suscipit nulla elit ac nulla sed vel enim sit amet nunc viverra,1.11
lacus purus aliquet at feugiat non pretium,4.79
aliquam lacus morbi quis tortor id nulla ultrices aliquet maecenas leo odio condimentum id luctus,12.93
sapien dignissim,1.88
integer pede justo lacinia eget tincidunt eget tempus vel pede morbi porttitor lorem id ligula suspendisse ornare consequat lectus,5.67
elementum ligula vehicula consequat morbi a ipsum integer a nibh in quis justo,11.74
tempus vivamus in,10.99
sit amet sem fusce consequat nulla nisl nunc nisl duis bibendum felis sed interdum,11.5
blandit mi in porttitor pede justo eu massa donec dapibus duis at velit eu est congue elementum,8.05
platea dictumst morbi vestibulum velit id pretium iaculis diam erat fermentum justo nec condimentum neque sapien placerat ante nulla justo,10.54
vestibulum aliquet ultrices erat tortor sollicitudin mi sit amet lobortis sapien sapien non mi,3.43
vitae consectetuer eget rutrum at lorem integer tincidunt ante vel ipsum praesent blandit lacinia erat vestibulum sed,2.92
etiam faucibus cursus urna ut tellus nulla,18.59
tristique est et tempus semper,14.34
libero ut massa volutpat convallis morbi odio odio elementum eu interdum eu,16.93
ultrices posuere cubilia curae mauris viverra diam vitae,7.47
lorem vitae,16.59
tortor id nulla ultrices aliquet maecenas leo,16.47
nunc proin,19.39
in felis donec semper sapien a libero nam dui proin leo odio porttitor id,10.27
dapibus augue vel accumsan tellus nisi eu orci mauris lacinia,14.87
sed tincidunt eu felis fusce posuere felis sed lacus morbi sem,18.98
integer,9.8
nec molestie sed justo pellentesque viverra pede ac diam cras pellentesque volutpat dui maecenas tristique est et tempus semper,17.46
accumsan tellus nisi eu orci mauris lacinia sapien quis libero nullam sit amet turpis elementum ligula,10.27
semper sapien a libero nam dui proin leo odio porttitor id,18.44
sit,17.46
at turpis donec posuere metus vitae ipsum aliquam non mauris morbi non lectus,13.05
suscipit nulla elit ac nulla sed vel enim sit amet,17.06
adipiscing elit proin risus praesent lectus vestibulum quam sapien varius ut,16.97
id ornare,5.19
lectus aliquam sit amet diam in magna bibendum,8.91
quam nec dui luctus rutrum nulla tellus in sagittis dui vel nisl duis ac nibh fusce lacus purus,5.05
convallis tortor risus dapibus augue vel accumsan,3.09
sed lacus morbi,13.3
massa tempor,1.61
imperdiet nullam orci pede venenatis non sodales sed tincidunt eu felis fusce,4.09
lorem ipsum dolor sit amet consectetuer,13.36
augue vel accumsan tellus nisi eu orci mauris lacinia sapien quis libero nullam sit amet turpis elementum ligula,18.91
amet consectetuer adipiscing,18.57
nunc vestibulum ante ipsum primis in faucibus orci luctus et ultrices posuere cubilia curae mauris viverra diam vitae quam,16.37
eget,11.55
dolor quis odio consequat,11.23
interdum mauris non ligula pellentesque ultrices phasellus id sapien in sapien,8.61
suspendisse potenti nullam porttitor lacus at turpis donec posuere metus vitae ipsum aliquam non mauris morbi,18.74
est donec odio justo sollicitudin ut suscipit a feugiat et eros,17.19
vestibulum sagittis sapien cum,6.47
adipiscing elit proin interdum,15.04
quam turpis adipiscing lorem vitae mattis nibh ligula nec sem duis aliquam convallis nunc proin at turpis a pede posuere,13.7
et,5.28
vel accumsan,12.64
convallis morbi odio odio elementum eu interdum eu tincidunt in leo maecenas pulvinar lobortis est,13.73
vel enim sit amet nunc viverra dapibus nulla suscipit ligula in lacus curabitur at ipsum ac tellus semper,11.47
sapien cum sociis natoque penatibus et magnis dis parturient montes,14.4
praesent id massa id nisl venenatis lacinia aenean sit amet justo,15.19
interdum in ante vestibulum ante ipsum primis in faucibus orci luctus et ultrices posuere cubilia curae,17.67
luctus et ultrices posuere cubilia curae mauris viverra diam vitae,4.92
non quam nec dui luctus rutrum nulla tellus in sagittis dui,5.58
dapibus augue vel accumsan tellus nisi eu orci mauris lacinia sapien quis libero,9.84
justo aliquam quis turpis eget elit sodales scelerisque mauris sit amet,15.44
curabitur convallis duis consequat dui,11.95
odio condimentum id luctus nec molestie sed justo pellentesque viverra,11.77
diam erat fermentum justo,8.88
morbi non quam nec dui luctus,11.51
nulla sed vel,18.93
quisque ut erat curabitur gravida nisi at nibh,19.07
dapibus dolor vel est donec odio justo sollicitudin ut,9.27
a suscipit nulla elit ac nulla sed vel enim sit amet nunc viverra dapibus,13.82
morbi vestibulum velit id pretium iaculis diam erat fermentum justo nec condimentum neque sapien placerat ante nulla,19.87
eros viverra eget congue eget semper rutrum nulla nunc purus phasellus in felis donec semper,8.94
viverra eget congue eget semper rutrum nulla nunc purus phasellus in felis,10.87
nec sem duis aliquam convallis nunc proin at turpis a pede posuere,15.28
tellus nisi eu,12.65
ac diam cras pellentesque volutpat dui maecenas tristique est et tempus semper,13.9
eget semper rutrum nulla nunc purus phasellus in felis donec semper sapien a libero,14.68
posuere metus vitae ipsum aliquam non mauris morbi non lectus aliquam sit amet diam,10.76
in hac habitasse platea dictumst etiam faucibus cursus urna ut tellus nulla,5.39
aenean fermentum donec ut mauris eget massa tempor convallis,16.06
tortor risus dapibus augue vel accumsan tellus nisi eu orci mauris lacinia sapien quis libero nullam sit amet,17.76
tempus vivamus in felis eu sapien cursus vestibulum proin eu mi nulla ac enim in tempor turpis nec,17.15
vel ipsum praesent blandit lacinia erat vestibulum sed magna at nunc commodo placerat praesent blandit nam nulla integer pede justo,6.75
tortor id nulla ultrices aliquet maecenas leo odio condimentum id luctus,12.58
quam sapien varius ut blandit non interdum in ante vestibulum,16.53
in,6.36
vestibulum sed magna at nunc commodo placerat praesent blandit nam nulla integer pede justo lacinia,15.78
in congue etiam,12.47
donec posuere metus,1.3
amet sem,6.43
sociis natoque penatibus et magnis dis parturient montes nascetur ridiculus,12.21
consectetuer adipiscing elit proin interdum mauris,16.03
curabitur at ipsum ac tellus semper interdum mauris ullamcorper purus sit amet nulla quisque,1.92
praesent id massa id nisl venenatis lacinia aenean sit,16.1
ut odio cras mi pede malesuada in,10.23
mi nulla ac enim in tempor turpis,7.42
sollicitudin ut suscipit a feugiat et eros vestibulum ac est,13.29
vel est donec odio justo sollicitudin ut,14.04
posuere cubilia curae duis faucibus accumsan odio curabitur convallis duis consequat dui nec nisi volutpat eleifend,15.47
sed vestibulum sit amet,7.94
morbi a ipsum integer a nibh in quis justo maecenas rhoncus aliquam lacus morbi,11.62
praesent,6.84
justo aliquam quis turpis eget elit sodales scelerisque mauris sit amet eros suspendisse,1.17
fusce posuere felis sed,16.19
primis in,6.85
mi sit amet lobortis sapien,6.23
turpis eget elit sodales scelerisque mauris sit amet eros suspendisse accumsan tortor quis turpis sed ante vivamus tortor duis,2.21
vestibulum velit id pretium iaculis diam erat,6.09
ridiculus mus etiam,1.16
justo in blandit ultrices enim lorem ipsum dolor sit amet consectetuer adipiscing elit proin interdum mauris non ligula,6.96
pellentesque ultrices mattis odio donec vitae nisi nam ultrices libero non mattis,15.67
sem duis aliquam convallis nunc proin at turpis a,16.37
pellentesque quisque porta volutpat erat quisque erat eros viverra eget congue eget semper rutrum nulla nunc purus phasellus in,10.08
orci mauris lacinia sapien quis libero nullam,15.76
in faucibus,19.63
interdum mauris ullamcorper purus sit amet,10.64
sed justo pellentesque viverra pede ac diam,15.55
ac lobortis vel dapibus at diam nam tristique tortor eu,19.73
velit donec diam neque vestibulum eget,16.26
nisl ut volutpat sapien arcu sed augue aliquam,1.81
parturient montes nascetur ridiculus mus etiam vel augue vestibulum rutrum rutrum neque aenean auctor gravida sem praesent,1.89
nulla ac enim,10.36
diam in magna bibendum imperdiet nullam orci pede venenatis non sodales sed tincidunt eu felis fusce posuere felis,13.76
ut massa quis augue luctus tincidunt nulla mollis molestie lorem quisque ut erat curabitur,7.87
magnis dis parturient montes nascetur ridiculus mus,12.16
nibh in quis justo maecenas rhoncus aliquam lacus morbi quis,10.34
felis donec semper sapien a libero nam dui,13.76
vel sem sed sagittis nam congue risus semper porta volutpat quam,16.75
lobortis sapien sapien non mi integer,1.24
elementum eu interdum eu tincidunt in leo maecenas pulvinar lobortis est phasellus sit amet erat nulla tempus vivamus in felis,17.12
praesent blandit nam nulla integer pede justo lacinia eget,10.96
ac neque duis bibendum morbi non quam nec dui,2.01
eget rutrum at lorem integer tincidunt ante vel ipsum praesent blandit lacinia erat vestibulum sed magna at,18.53
volutpat convallis morbi odio odio elementum eu,1.56
posuere nonummy integer non velit donec diam neque vestibulum eget vulputate,17.0
pharetra magna vestibulum aliquet ultrices erat tortor sollicitudin mi,13.88
lorem ipsum dolor sit amet consectetuer adipiscing elit proin interdum mauris non ligula,2.96
curabitur in libero ut massa,19.72
semper sapien a,1.35
curae nulla dapibus,16.68
integer ac leo pellentesque ultrices mattis odio donec vitae nisi nam ultrices libero,10.19
elit sodales scelerisque mauris sit amet,6.56
nec condimentum neque sapien placerat ante nulla justo aliquam quis turpis eget elit sodales scelerisque mauris sit amet eros,8.96
nibh fusce lacus purus aliquet at feugiat non pretium quis lectus suspendisse potenti in,9.94
maecenas ut massa quis augue luctus tincidunt nulla mollis molestie lorem quisque ut erat curabitur gravida nisi at nibh,7.71
erat tortor sollicitudin mi sit amet lobortis sapien sapien non mi integer ac neque duis,15.69
vestibulum sagittis sapien cum sociis natoque penatibus et,14.9
platea dictumst etiam faucibus cursus urna ut tellus nulla ut erat id mauris vulputate elementum nullam varius,8.08
augue a suscipit nulla elit ac nulla sed vel,2.28
sed augue aliquam erat volutpat in,14.51
bibendum morbi non quam nec dui luctus rutrum,6.36
congue eget semper rutrum nulla nunc purus phasellus in,2.67
diam neque vestibulum eget vulputate ut ultrices,17.42
lorem,10.24
ac neque duis bibendum morbi non quam,2.04
curae duis faucibus accumsan odio curabitur convallis duis consequat dui nec nisi volutpat,5.97
aliquet pulvinar sed nisl nunc rhoncus dui vel sem sed sagittis nam congue risus,10.1
eleifend quam a odio in hac habitasse platea dictumst maecenas ut massa quis augue,10.34
in,4.11
ultrices vel augue,5.44
vel augue vestibulum rutrum rutrum neque aenean auctor gravida sem praesent id massa,6.33
odio,10.63
proin leo,10.91
pretium iaculis,17.76
mattis pulvinar nulla pede ullamcorper augue a suscipit nulla elit ac nulla sed vel enim sit amet nunc viverra,11.96
habitasse platea dictumst maecenas ut massa,17.49
ut ultrices vel augue vestibulum ante ipsum primis in faucibus orci luctus et ultrices posuere cubilia curae donec,15.13
massa id nisl venenatis lacinia aenean sit amet justo,2.18
posuere metus vitae ipsum aliquam non mauris morbi non lectus aliquam sit amet diam in,4.08
libero ut massa volutpat convallis morbi odio odio elementum eu interdum,3.7
duis bibendum morbi non quam nec dui,11.18
proin risus praesent lectus vestibulum,4.25
odio,16.36
massa donec dapibus duis at velit eu est congue elementum in hac habitasse platea dictumst,15.53
quis odio consequat,5.86
morbi non lectus aliquam sit amet diam in magna bibendum imperdiet nullam,6.27
aenean lectus pellentesque eget nunc donec quis orci eget orci vehicula condimentum curabitur,16.85
non mi integer ac neque duis bibendum morbi non quam nec dui luctus rutrum nulla tellus in sagittis dui vel,5.18
non mattis pulvinar nulla pede ullamcorper augue a suscipit nulla elit ac nulla sed vel,11.34
eu sapien cursus vestibulum proin eu mi nulla ac enim in tempor turpis nec euismod scelerisque,12.3
a ipsum integer a nibh in quis justo maecenas rhoncus aliquam lacus morbi quis tortor id,10.17
non lectus aliquam sit amet diam in magna,12.79
ultrices mattis odio donec vitae nisi nam ultrices libero non mattis pulvinar nulla pede ullamcorper,12.89
duis mattis egestas metus,4.7
tristique in tempus sit amet sem fusce consequat nulla nisl nunc nisl,9.41
id nisl venenatis lacinia aenean,19.4
justo sollicitudin ut suscipit a feugiat et eros vestibulum ac est lacinia nisi venenatis tristique,9.68
cubilia curae duis faucibus accumsan odio curabitur convallis duis consequat dui nec nisi volutpat eleifend donec ut dolor morbi vel,14.41
mauris enim leo rhoncus sed vestibulum sit amet cursus id turpis integer aliquet massa,14.63
vulputate vitae nisl,10.13
nibh,5.87
nisl nunc rhoncus dui vel sem sed sagittis nam congue,8.02
molestie lorem quisque,15.17
luctus rutrum nulla tellus in sagittis dui vel nisl duis ac,9.85
cubilia curae donec pharetra magna vestibulum aliquet ultrices erat tortor sollicitudin mi sit amet lobortis sapien sapien non mi integer,18.37
dictumst,19.6
non mattis pulvinar nulla pede ullamcorper augue a suscipit nulla elit ac nulla sed vel enim sit amet,4.22
mauris non ligula pellentesque ultrices phasellus id sapien in sapien iaculis congue vivamus metus arcu adipiscing molestie hendrerit,13.37
dolor sit amet consectetuer adipiscing elit proin interdum mauris non ligula pellentesque ultrices phasellus id sapien,2.02
quam turpis adipiscing lorem vitae mattis,14.88
lectus pellentesque eget nunc donec quis orci eget orci vehicula condimentum curabitur in,3.72
nulla suscipit ligula in lacus curabitur at ipsum ac tellus semper interdum mauris ullamcorper,13.6
faucibus orci luctus et ultrices posuere cubilia curae duis faucibus accumsan odio curabitur convallis duis consequat,12.99
sapien non mi integer,15.72
convallis nunc proin at turpis a pede posuere nonummy integer non velit donec,15.99
a libero nam dui proin leo odio porttitor id consequat in,2.23
turpis sed ante vivamus tortor duis mattis,18.04
morbi sem mauris laoreet ut rhoncus aliquet pulvinar sed nisl nunc rhoncus dui vel sem sed sagittis nam,15.46
pede lobortis ligula sit amet eleifend pede libero quis orci,10.39
est donec odio justo sollicitudin ut suscipit a feugiat et eros vestibulum ac est lacinia nisi venenatis tristique fusce congue,5.49
mus vivamus vestibulum sagittis sapien cum sociis natoque,2.79
sem sed sagittis nam congue risus semper porta volutpat quam pede lobortis ligula,16.61
quam a odio in hac habitasse platea dictumst maecenas ut massa quis augue luctus tincidunt,19.94
turpis adipiscing lorem vitae mattis nibh ligula nec sem duis aliquam convallis nunc,1.24
ultrices posuere cubilia,15.47
sollicitudin vitae consectetuer eget rutrum at lorem,6.66
diam cras pellentesque volutpat dui maecenas tristique est et tempus semper est quam pharetra magna ac consequat,10.46
at lorem integer tincidunt ante vel ipsum praesent blandit lacinia erat vestibulum sed magna at nunc commodo placerat praesent blandit,13.66
ac neque duis bibendum morbi non quam nec dui luctus rutrum nulla tellus in sagittis,12.87
rhoncus dui vel sem sed sagittis nam congue risus semper porta volutpat quam pede lobortis,5.91
sit amet cursus id turpis integer aliquet massa id lobortis convallis,10.07
duis aliquam convallis,2.25
magnis dis parturient montes nascetur ridiculus mus etiam vel augue vestibulum rutrum rutrum neque aenean auctor gravida sem praesent id,3.05
in faucibus orci luctus et ultrices,16.77
elementum eu interdum eu tincidunt in leo maecenas,17.55
semper sapien a libero nam dui proin leo odio porttitor id consequat in consequat ut nulla sed accumsan felis,13.13
sit amet consectetuer adipiscing elit proin,5.6
donec odio justo sollicitudin ut suscipit a feugiat et,18.16
turpis donec posuere metus vitae ipsum aliquam,18.17
aenean sit amet justo morbi,2.05
luctus rutrum nulla tellus in sagittis dui vel nisl duis,6.33
in faucibus,15.87
iaculis diam erat fermentum justo nec condimentum neque,4.4
nisl duis ac nibh fusce lacus purus aliquet,4.97
ante nulla justo aliquam quis turpis,19.34
lacus morbi sem mauris laoreet ut rhoncus aliquet pulvinar sed nisl nunc rhoncus dui vel sem,18.01
quam nec dui luctus rutrum nulla tellus in sagittis dui vel nisl duis ac,10.36
nunc nisl duis bibendum felis sed interdum venenatis turpis enim blandit mi in,11.35
erat,13.91
varius ut blandit non interdum in ante vestibulum ante ipsum primis in faucibus orci luctus et ultrices posuere,13.91
velit eu est congue elementum in hac habitasse platea dictumst morbi vestibulum velit id pretium iaculis,5.32
nunc viverra dapibus nulla suscipit ligula in lacus curabitur at ipsum ac tellus semper interdum mauris,7.3
congue etiam justo etiam pretium iaculis justo in hac habitasse platea dictumst etiam faucibus cursus urna ut tellus nulla,14.95
diam in magna bibendum imperdiet nullam orci pede venenatis non sodales sed tincidunt eu felis fusce posuere felis sed lacus,16.98
neque libero convallis eget eleifend luctus,10.01
sit amet sapien dignissim vestibulum vestibulum ante ipsum primis,2.93
est risus auctor sed tristique in tempus sit amet sem fusce consequat,10.24
convallis tortor risus dapibus augue vel accumsan tellus nisi eu orci mauris lacinia sapien quis libero nullam sit amet turpis,10.22
etiam vel augue vestibulum rutrum rutrum neque aenean auctor gravida sem praesent id massa id nisl venenatis lacinia,13.79
vivamus vel nulla eget eros elementum pellentesque quisque porta volutpat erat quisque,8.04
cras non velit nec nisi vulputate nonummy maecenas tincidunt lacus at velit vivamus vel nulla eget,18.82
eu orci mauris lacinia sapien quis libero nullam sit amet turpis elementum ligula,12.24
adipiscing lorem vitae mattis nibh ligula nec sem duis aliquam convallis nunc proin at turpis a pede posuere,19.27
dui maecenas tristique est,17.79
vestibulum eget vulputate,10.96
sagittis sapien cum sociis natoque penatibus et magnis,5.62
morbi odio odio elementum eu,19.28
imperdiet sapien urna pretium nisl ut volutpat sapien arcu,14.49
curae mauris viverra diam vitae,1.71
enim lorem ipsum dolor sit amet consectetuer adipiscing elit,1.71
sodales sed tincidunt eu felis fusce posuere felis sed lacus morbi sem,13.15
quam pharetra magna ac consequat metus sapien ut nunc vestibulum,3.39
odio consequat varius integer ac leo pellentesque ultrices,12.53
vestibulum ac est lacinia nisi venenatis tristique fusce congue diam id ornare,1.87
vel enim sit amet nunc viverra dapibus nulla suscipit ligula in lacus curabitur at ipsum ac,4.74
sapien varius ut blandit non interdum in ante,5.17
eros vestibulum ac est lacinia nisi venenatis tristique,13.37
ultrices aliquet maecenas leo odio condimentum id luctus nec molestie sed justo pellentesque viverra pede ac diam cras pellentesque volutpat,13.71
nulla nunc purus phasellus in felis,6.72
et ultrices posuere cubilia curae duis faucibus accumsan odio curabitur convallis duis consequat dui nec nisi,14.41
tristique fusce,1.68
massa id lobortis convallis,9.64
aliquet maecenas leo odio condimentum id luctus nec molestie sed justo pellentesque viverra pede ac,8.28
cras non velit nec nisi vulputate nonummy maecenas tincidunt lacus at velit vivamus vel,8.59
adipiscing elit proin risus praesent lectus vestibulum quam sapien varius ut blandit,13.73
ante vel ipsum praesent blandit,15.6
rhoncus,17.12
faucibus orci,7.28
tempus semper est,6.2
suspendisse potenti nullam porttitor lacus at turpis donec posuere metus vitae,12.72
ut rhoncus aliquet pulvinar sed nisl nunc,13.9
rhoncus sed vestibulum sit amet cursus id,17.58
euismod scelerisque quam turpis adipiscing lorem vitae mattis nibh ligula nec sem duis aliquam convallis,2.2
pede morbi porttitor,14.53
eu felis fusce posuere felis sed lacus morbi sem mauris laoreet ut rhoncus aliquet pulvinar sed nisl nunc rhoncus dui,18.19
est risus,17.46
viverra dapibus nulla suscipit ligula in lacus,9.65
nulla elit ac,19.47
cubilia curae nulla dapibus dolor vel est donec,1.96
dapibus dolor vel est donec odio,7.81
facilisi cras non velit nec nisi vulputate nonummy maecenas tincidunt lacus at velit vivamus vel nulla eget eros,2.71
aliquet pulvinar sed nisl nunc rhoncus dui vel sem sed,2.2
suscipit,14.45
risus auctor sed tristique in tempus sit amet sem fusce consequat nulla nisl nunc nisl duis bibendum felis sed interdum,19.17
eget congue eget semper rutrum nulla,10.44
hac habitasse platea dictumst etiam faucibus cursus urna ut tellus nulla ut erat,10.4
congue vivamus metus arcu adipiscing molestie hendrerit at vulputate vitae nisl aenean lectus pellentesque eget nunc donec,1.13
turpis eget elit sodales scelerisque mauris sit amet eros suspendisse accumsan tortor quis turpis sed ante vivamus,2.19
mi nulla ac enim in tempor turpis nec,2.07
tellus in sagittis dui vel nisl duis ac nibh fusce lacus purus aliquet at feugiat non pretium quis,11.47
faucibus orci luctus et ultrices posuere cubilia curae duis faucibus,10.58
sociis natoque penatibus et magnis dis,1.49
at velit eu est congue elementum in hac habitasse platea dictumst,19.23
velit nec nisi vulputate nonummy maecenas tincidunt lacus at velit vivamus vel nulla eget,18.01
vehicula consequat morbi a ipsum integer a nibh in quis,19.05
blandit non interdum in ante vestibulum ante ipsum primis in faucibus orci luctus et ultrices,6.89
integer aliquet massa id lobortis convallis tortor risus dapibus augue vel accumsan tellus,19.18
tincidunt in leo maecenas pulvinar lobortis est phasellus sit amet erat nulla tempus vivamus,1.31
tristique in tempus sit amet sem fusce consequat nulla nisl nunc nisl,1.96
natoque penatibus et magnis dis parturient montes,18.32
eros vestibulum ac est lacinia nisi venenatis tristique fusce congue diam id ornare imperdiet,13.37
justo aliquam quis turpis eget elit sodales scelerisque,8.54
turpis integer aliquet massa id,15.62
donec posuere metus vitae ipsum aliquam,17.28
sit amet eleifend pede libero quis orci nullam molestie nibh in lectus pellentesque at nulla suspendisse potenti,16.05
faucibus cursus,14.5
proin interdum mauris non ligula pellentesque ultrices phasellus,6.52
donec quis orci eget orci vehicula condimentum curabitur,17.87
lobortis convallis tortor risus dapibus augue,12.95
sapien cum sociis natoque penatibus et magnis dis parturient montes nascetur ridiculus mus,19.03
penatibus et magnis dis parturient montes nascetur,11.44
nisl venenatis,15.48
lorem quisque ut erat curabitur gravida nisi at nibh in hac habitasse platea dictumst aliquam augue quam sollicitudin vitae consectetuer,6.78
nunc rhoncus dui vel sem sed sagittis nam congue risus semper porta volutpat quam pede lobortis,11.98
lacinia eget,15.32
orci vehicula condimentum,4.49
vestibulum proin eu mi nulla ac enim in tempor turpis nec euismod scelerisque quam turpis,16.92
sapien iaculis congue vivamus metus arcu adipiscing molestie hendrerit at vulputate vitae nisl aenean lectus pellentesque eget nunc,14.94
libero rutrum ac lobortis vel dapibus at diam nam tristique,7.03
sed interdum,14.99
diam,6.33
elit ac nulla sed vel enim sit amet nunc viverra,6.68
eu pede,11.36
duis consequat dui nec nisi volutpat eleifend donec ut dolor morbi vel lectus in quam,9.21
tortor quis turpis sed ante vivamus tortor duis mattis egestas metus,17.93
id mauris vulputate elementum nullam varius nulla facilisi cras non velit nec nisi vulputate nonummy maecenas,6.18
congue risus semper porta volutpat quam pede lobortis ligula sit amet eleifend pede libero quis orci nullam molestie nibh in,11.48
faucibus orci luctus et ultrices posuere cubilia curae nulla dapibus dolor vel,17.44
ac nibh fusce lacus purus aliquet at feugiat non pretium quis lectus suspendisse potenti in,12.27
varius integer,11.54
pulvinar sed nisl nunc rhoncus dui vel sem sed sagittis nam congue risus semper porta volutpat quam pede lobortis ligula,8.45
erat id mauris vulputate elementum nullam varius nulla facilisi cras non,14.34
mus vivamus vestibulum sagittis,8.14
nisl venenatis lacinia aenean,4.44
lacinia aenean sit amet justo morbi ut odio cras,1.29
pede malesuada in imperdiet et commodo vulputate justo in blandit ultrices enim lorem ipsum dolor sit amet consectetuer adipiscing elit,13.76
mus vivamus vestibulum sagittis sapien cum,18.13
est et tempus semper est quam pharetra magna ac consequat metus sapien ut nunc vestibulum ante ipsum primis in faucibus,1.34
blandit mi in porttitor pede justo eu massa donec dapibus duis at velit eu est,15.63
vel nisl duis,17.75
lobortis sapien sapien non mi integer ac neque duis,13.3
pulvinar lobortis est phasellus sit amet erat nulla tempus vivamus,10.81
tellus semper interdum mauris ullamcorper purus,14.38
erat id mauris vulputate elementum nullam varius nulla facilisi cras non,12.79
felis eu sapien cursus vestibulum proin eu mi,17.36
mollis molestie lorem quisque ut erat curabitur gravida nisi at nibh in hac habitasse platea dictumst,14.96
sit amet justo morbi ut odio cras mi pede malesuada in imperdiet et commodo vulputate justo in blandit ultrices,8.69
amet consectetuer adipiscing elit proin,10.83
nulla tellus,1.81
magna ac consequat metus sapien ut nunc vestibulum ante ipsum primis in faucibus orci luctus et ultrices,10.53
ligula in lacus curabitur at ipsum ac tellus semper interdum mauris ullamcorper purus sit amet nulla,8.97
tincidunt nulla mollis molestie lorem quisque ut erat curabitur gravida nisi at,2.36
luctus et ultrices,5.7
nulla elit ac nulla sed vel enim sit amet nunc viverra dapibus nulla suscipit ligula in lacus,13.75
augue luctus tincidunt nulla mollis molestie lorem quisque ut,9.06
leo odio condimentum id luctus nec molestie sed justo pellentesque viverra pede ac diam cras pellentesque volutpat dui maecenas tristique,4.61
sit,8.26
sapien non mi integer ac neque duis bibendum morbi non quam nec dui luctus rutrum nulla tellus,9.81
est lacinia nisi venenatis tristique fusce congue diam,17.97
in est,13.42
at ipsum ac tellus semper interdum mauris ullamcorper purus sit amet nulla quisque arcu libero rutrum ac lobortis,5.4
congue diam id ornare imperdiet sapien urna pretium nisl ut volutpat sapien arcu sed augue aliquam,10.27
donec vitae nisi nam ultrices libero non mattis pulvinar nulla pede ullamcorper augue a suscipit,3.6
mus etiam vel augue vestibulum rutrum rutrum,17.47
pellentesque,18.35
mauris laoreet ut rhoncus aliquet pulvinar sed nisl nunc rhoncus,7.53
massa tempor convallis nulla neque libero convallis eget eleifend luctus ultricies eu nibh,11.37
donec,10.53
curabitur convallis,5.5
erat quisque,7.76
convallis nulla neque libero convallis eget eleifend,15.26
interdum eu tincidunt in leo maecenas pulvinar lobortis est phasellus sit amet erat nulla tempus,4.83
quam suspendisse potenti nullam porttitor lacus at turpis donec posuere metus vitae ipsum,11.38
ipsum integer a nibh in quis,16.32
pede lobortis ligula sit amet eleifend pede libero quis orci nullam molestie nibh in lectus pellentesque at nulla suspendisse potenti,18.45
vulputate ut ultrices vel augue vestibulum ante ipsum primis in,8.97
duis mattis egestas metus aenean fermentum donec ut mauris eget massa tempor convallis,12.85
rhoncus sed vestibulum sit amet cursus id turpis integer aliquet massa,8.78
ut volutpat sapien arcu sed augue aliquam erat volutpat in congue etiam justo etiam pretium iaculis justo in hac habitasse,12.7
sit amet justo morbi ut odio,18.74
non interdum in ante vestibulum ante ipsum primis in faucibus orci luctus et ultrices posuere cubilia curae,12.8
eros suspendisse accumsan tortor quis turpis sed ante vivamus tortor duis mattis egestas,19.61
elementum ligula vehicula consequat morbi a ipsum integer a nibh in quis justo maecenas rhoncus aliquam lacus morbi quis tortor,1.44
nisi volutpat eleifend donec ut dolor morbi vel lectus in quam,6.1
odio consequat varius integer ac leo pellentesque ultrices mattis odio donec vitae nisi nam ultrices,11.33
curae duis faucibus accumsan odio curabitur convallis duis consequat dui nec nisi volutpat eleifend donec ut dolor morbi vel,7.43
placerat praesent blandit nam nulla integer pede justo lacinia eget tincidunt eget tempus vel,16.38
in congue etiam justo etiam pretium iaculis justo in hac habitasse platea dictumst etiam faucibus cursus urna,3.58
morbi non quam nec dui luctus rutrum nulla tellus in sagittis dui vel,18.32
dapibus nulla suscipit ligula in lacus curabitur at ipsum,9.54
magna at nunc commodo placerat praesent blandit nam nulla integer pede justo lacinia eget tincidunt eget,13.37
ante ipsum primis in faucibus orci,2.27
consequat dui nec nisi volutpat eleifend donec ut dolor morbi vel lectus in quam fringilla rhoncus mauris enim leo,3.46
purus aliquet at,5.73
elementum pellentesque quisque porta volutpat erat quisque erat eros viverra eget congue eget semper,4.81
vel augue vestibulum rutrum rutrum neque aenean auctor gravida sem praesent id,3.51
proin interdum mauris non ligula pellentesque ultrices phasellus id sapien in sapien iaculis congue vivamus,4.31
erat,19.74
ullamcorper augue a suscipit nulla,3.7
hac habitasse platea,13.41
sed augue aliquam erat volutpat in congue etiam,10.67
pulvinar nulla,1.87
quam suspendisse potenti nullam porttitor lacus at turpis donec posuere metus vitae ipsum aliquam non mauris morbi non lectus,17.55
vitae ipsum aliquam non mauris morbi non lectus aliquam sit amet diam in magna bibendum imperdiet,8.57
et magnis dis parturient montes nascetur ridiculus mus etiam vel augue vestibulum rutrum rutrum neque,3.69
nibh ligula nec sem duis aliquam convallis nunc proin at turpis a pede posuere nonummy integer non velit,3.68
elementum pellentesque quisque porta,15.1
sit amet consectetuer adipiscing elit proin interdum mauris non ligula pellentesque ultrices phasellus id sapien in,2.29
amet,12.2
nisl venenatis lacinia aenean sit amet justo morbi ut odio cras,14.03
praesent id massa id nisl venenatis lacinia aenean sit amet justo morbi ut odio cras mi pede,4.35
et ultrices posuere cubilia curae duis,19.44
leo rhoncus sed vestibulum sit amet cursus id turpis integer aliquet massa id lobortis convallis tortor risus dapibus,4.42
consequat dui nec nisi volutpat eleifend donec ut dolor,7.23
ultrices posuere,13.78
pede justo eu massa donec dapibus,18.71
orci luctus et ultrices posuere cubilia curae duis faucibus accumsan odio curabitur convallis duis consequat dui nec nisi volutpat,18.85
pretium nisl ut volutpat sapien arcu sed augue aliquam erat volutpat,16.56
curae nulla dapibus dolor vel est donec odio justo sollicitudin ut,14.74
est phasellus sit amet erat nulla tempus vivamus in felis eu sapien cursus vestibulum proin eu mi nulla ac enim,8.91
augue a suscipit nulla elit ac nulla sed vel enim sit amet nunc viverra dapibus nulla,10.42
ipsum ac tellus semper interdum mauris ullamcorper purus sit amet nulla quisque arcu libero rutrum ac lobortis,2.14
magna ac consequat metus sapien ut nunc vestibulum ante,15.86
erat quisque erat eros viverra eget congue eget semper rutrum,10.47
diam neque vestibulum eget vulputate ut ultrices vel augue vestibulum ante ipsum,4.96
pede libero quis orci nullam molestie nibh in lectus pellentesque at nulla suspendisse potenti cras in,2.33
nisi nam ultrices libero non mattis pulvinar nulla pede ullamcorper augue a suscipit nulla elit ac nulla sed vel enim,2.65
ante ipsum primis in faucibus orci luctus et ultrices posuere cubilia curae nulla dapibus dolor vel est,10.0
augue a suscipit nulla elit ac nulla sed vel enim sit amet nunc viverra dapibus,4.92
ac nulla sed vel enim sit amet nunc viverra dapibus nulla suscipit ligula in lacus curabitur at ipsum ac tellus,8.32
vulputate vitae nisl aenean lectus pellentesque eget nunc donec quis orci eget orci vehicula,5.25
libero non mattis pulvinar nulla pede ullamcorper augue a suscipit nulla elit ac nulla,1.47
odio condimentum id luctus nec molestie sed justo pellentesque viverra pede ac diam cras pellentesque volutpat dui maecenas,5.29
imperdiet et commodo vulputate justo in blandit ultrices enim lorem ipsum dolor sit amet,19.05
at nulla suspendisse potenti cras in purus eu,4.81
turpis integer aliquet massa id lobortis convallis tortor risus,14.06
morbi odio odio elementum eu interdum eu tincidunt in leo maecenas pulvinar lobortis,11.43
metus sapien ut nunc vestibulum ante ipsum primis in faucibus,8.52
luctus cum sociis natoque penatibus et magnis dis parturient montes nascetur ridiculus mus,3.6
maecenas rhoncus aliquam lacus,6.35
mattis pulvinar nulla pede ullamcorper augue a suscipit nulla elit ac nulla sed vel enim sit amet nunc viverra dapibus,2.57
tempus sit,5.25
quis orci eget orci vehicula condimentum curabitur in libero ut massa volutpat convallis,15.49
sit amet sem fusce consequat nulla,16.57
cubilia curae nulla dapibus dolor vel est donec odio,9.02
dis parturient montes nascetur ridiculus mus,10.13
scelerisque mauris sit amet,11.19
amet erat nulla tempus vivamus in felis eu,18.22
amet sapien dignissim vestibulum vestibulum ante ipsum primis in,18.24
quis turpis sed ante vivamus tortor duis mattis egestas metus aenean fermentum donec ut mauris eget massa tempor convallis,18.32
sollicitudin mi sit amet lobortis,7.21
in faucibus orci,2.81
proin risus praesent lectus vestibulum quam sapien varius ut blandit non interdum in ante vestibulum ante ipsum primis,13.85
lectus vestibulum quam sapien varius ut blandit non interdum in ante,19.78
orci mauris lacinia sapien quis libero nullam sit amet turpis elementum ligula vehicula consequat morbi a ipsum,18.6
ultrices posuere cubilia curae nulla dapibus dolor vel est donec odio justo sollicitudin,1.3
maecenas ut massa quis augue luctus tincidunt nulla mollis molestie lorem quisque ut erat curabitur,4.15
posuere cubilia curae mauris viverra diam vitae quam suspendisse potenti nullam porttitor lacus,19.22
in blandit,11.62
quam a odio in hac habitasse platea dictumst,16.66
justo etiam pretium iaculis justo in hac habitasse platea dictumst etiam faucibus cursus urna,19.95
tellus nisi eu orci mauris lacinia sapien quis,15.2
platea dictumst maecenas ut massa quis augue luctus tincidunt nulla mollis molestie lorem quisque ut erat curabitur gravida nisi at,9.96
sed magna at nunc commodo placerat praesent blandit nam nulla integer pede justo lacinia eget tincidunt eget tempus vel,19.8
est et tempus,14.85
ante nulla justo aliquam quis turpis eget elit,2.63
eget rutrum at lorem integer tincidunt ante vel ipsum praesent,9.27
auctor sed tristique in tempus sit amet sem fusce consequat nulla nisl nunc nisl,12.98
in felis donec semper sapien a libero nam dui proin,11.02
at ipsum ac tellus semper interdum mauris ullamcorper purus,13.02
ac neque duis,19.87
proin interdum mauris,7.1
rhoncus aliquet pulvinar sed nisl nunc rhoncus,2.98
lectus vestibulum quam sapien varius ut blandit non interdum,13.36
eget massa tempor convallis nulla neque libero convallis eget eleifend luctus ultricies eu nibh quisque id justo sit amet sapien,3.5
ante ipsum primis in faucibus orci luctus et ultrices posuere cubilia curae nulla dapibus dolor vel est,13.95
dui maecenas tristique est et tempus semper est,8.84
ullamcorper purus sit amet nulla quisque arcu libero rutrum ac lobortis vel dapibus at diam nam tristique,5.93
orci luctus et ultrices posuere cubilia curae duis faucibus accumsan odio curabitur convallis duis consequat dui nec nisi volutpat eleifend,3.05
pede morbi porttitor lorem id ligula suspendisse ornare consequat lectus in est risus auctor sed tristique in tempus,7.31
augue quam,17.64
tortor risus dapibus augue vel,3.03
duis ac nibh fusce lacus purus aliquet at feugiat non pretium quis lectus suspendisse potenti in eleifend quam a odio,1.32
massa volutpat convallis morbi odio odio elementum eu interdum eu tincidunt,15.82
sollicitudin mi sit amet lobortis sapien sapien non,3.47
a,5.83
mus vivamus vestibulum sagittis sapien cum sociis natoque penatibus et magnis dis parturient montes,14.85
dictumst maecenas ut massa quis augue luctus tincidunt,13.4
ligula suspendisse ornare consequat lectus in est risus auctor sed tristique in,2.78
leo odio condimentum id luctus nec molestie sed justo pellentesque viverra pede ac,2.24
sapien in sapien iaculis congue vivamus metus arcu adipiscing molestie hendrerit at vulputate vitae nisl aenean lectus pellentesque eget,18.75
venenatis turpis enim blandit mi in porttitor pede justo eu massa donec dapibus duis at velit,12.76
orci mauris lacinia sapien,17.29
faucibus orci luctus et ultrices posuere cubilia curae donec pharetra magna,7.23
id justo sit,5.27
etiam vel augue vestibulum rutrum rutrum neque aenean auctor,19.26
mauris viverra diam,10.1
amet nulla quisque arcu libero,1.39
pellentesque quisque porta volutpat erat quisque erat eros viverra eget,10.38
sit amet turpis elementum ligula vehicula consequat morbi,14.47
aliquam augue quam sollicitudin,14.52
suspendisse potenti in eleifend quam a odio in hac habitasse platea dictumst maecenas ut massa,13.94
in libero ut massa volutpat convallis morbi,7.19
habitasse platea dictumst maecenas ut massa quis augue luctus tincidunt nulla mollis molestie lorem quisque,2.39
platea dictumst maecenas ut massa quis augue luctus tincidunt nulla mollis molestie lorem,13.05
sed accumsan felis ut at dolor quis odio consequat varius integer ac leo pellentesque ultrices mattis,15.9
nisl nunc rhoncus dui vel sem sed sagittis nam congue risus semper porta volutpat quam pede lobortis ligula,13.86
semper rutrum nulla nunc purus,16.93
orci eget orci vehicula,9.02
nunc nisl,3.49
vestibulum eget vulputate ut ultrices vel augue vestibulum ante ipsum primis in faucibus orci,12.95
eu tincidunt in leo maecenas pulvinar lobortis est phasellus sit amet erat nulla,4.39
pede posuere nonummy integer non velit donec diam neque vestibulum eget vulputate ut ultrices vel augue vestibulum,4.75
fusce lacus purus aliquet,2.24
sapien quis libero nullam sit amet turpis elementum ligula vehicula consequat morbi a ipsum integer a nibh,3.78
lorem ipsum dolor,18.96
nulla nisl nunc nisl duis bibendum felis sed interdum venenatis turpis enim blandit mi in porttitor pede justo,4.6
vulputate elementum nullam varius nulla facilisi cras non velit nec nisi vulputate nonummy maecenas tincidunt lacus at velit,3.79
amet eleifend pede libero quis orci nullam molestie nibh in lectus pellentesque at nulla suspendisse potenti cras in,11.02
augue vestibulum rutrum rutrum neque aenean auctor gravida,10.19
vestibulum ante ipsum primis in faucibus orci luctus et ultrices posuere cubilia curae donec,17.29
pellentesque ultrices phasellus id sapien in,15.17
nulla elit ac nulla sed vel enim sit amet nunc viverra dapibus,13.29
dis parturient montes nascetur ridiculus mus,14.81
pharetra magna ac consequat metus sapien ut nunc,5.54
donec dapibus,8.89
luctus rutrum nulla tellus,11.77
amet consectetuer adipiscing elit proin interdum mauris non ligula pellentesque ultrices phasellus id sapien in sapien iaculis congue vivamus,14.17
volutpat quam pede lobortis ligula,19.85
sit,2.32
amet sem fusce consequat nulla nisl nunc nisl duis bibendum felis sed,4.0
tristique in tempus sit amet sem fusce consequat nulla nisl nunc nisl duis bibendum felis sed interdum venenatis turpis enim,15.01
lorem vitae mattis nibh ligula nec,12.33
etiam vel augue vestibulum rutrum rutrum neque aenean auctor gravida sem,9.84
primis in faucibus orci luctus et ultrices posuere cubilia curae mauris viverra diam vitae,15.49
dapibus augue,15.82
auctor sed tristique in tempus sit amet sem fusce consequat,5.19
volutpat eleifend donec ut dolor morbi vel lectus in quam fringilla rhoncus mauris,17.7
sem mauris laoreet ut rhoncus aliquet pulvinar sed nisl nunc rhoncus dui vel sem sed sagittis nam congue,7.63
odio cras mi pede malesuada,9.15
mauris enim leo rhoncus sed vestibulum sit amet cursus id turpis integer aliquet massa id lobortis convallis tortor risus,16.55
egestas metus aenean fermentum donec ut mauris eget massa tempor convallis nulla neque libero convallis eget eleifend luctus ultricies eu,10.92
sem duis aliquam convallis nunc proin at turpis a pede posuere,2.09
tortor duis mattis egestas metus aenean fermentum donec ut mauris eget massa tempor convallis nulla neque libero convallis eget,11.19
lobortis ligula sit amet eleifend pede libero quis orci nullam molestie,4.86
dictumst aliquam augue quam sollicitudin vitae consectetuer,8.47
et ultrices posuere cubilia,18.55
vestibulum velit id,7.47
sed justo pellentesque viverra pede ac diam cras pellentesque volutpat,12.88
tortor duis mattis egestas metus aenean fermentum donec ut mauris,18.83
dis parturient montes nascetur ridiculus mus vivamus,3.88
ut dolor morbi vel lectus in quam fringilla rhoncus mauris enim leo rhoncus sed,16.75
et,9.14
etiam justo etiam pretium iaculis justo in hac habitasse,2.49
ante ipsum primis in faucibus orci luctus et ultrices posuere cubilia curae nulla dapibus dolor vel est donec odio justo,16.82
odio elementum eu interdum eu tincidunt in leo maecenas pulvinar lobortis est phasellus sit amet,2.05
hac habitasse platea dictumst etiam faucibus cursus,14.1
pharetra magna ac consequat metus sapien ut nunc vestibulum ante ipsum,16.43
lacus at turpis donec posuere,18.77
in sagittis dui vel nisl duis ac nibh fusce lacus purus,10.61
dictumst etiam faucibus cursus urna ut tellus,10.83
suscipit ligula in lacus curabitur at,17.54
nisl duis ac nibh fusce lacus purus aliquet at feugiat non pretium quis lectus suspendisse potenti in,1.31
cursus urna ut tellus nulla ut erat id mauris vulputate elementum nullam varius nulla facilisi cras non velit,4.88
natoque penatibus et magnis dis parturient montes nascetur ridiculus mus vivamus vestibulum sagittis sapien,9.27
vitae nisi nam ultrices libero non mattis pulvinar nulla pede ullamcorper augue a suscipit nulla elit ac nulla,10.35
posuere cubilia curae duis faucibus accumsan odio curabitur convallis duis consequat dui nec nisi volutpat eleifend donec ut dolor morbi,4.48
a nibh in quis justo maecenas rhoncus aliquam lacus morbi,1.57
nulla nunc purus phasellus in felis donec semper sapien a,5.34
platea dictumst aliquam augue,1.81
enim leo rhoncus sed vestibulum sit amet cursus id turpis integer aliquet massa id lobortis convallis tortor risus dapibus,18.96
in sagittis dui vel nisl duis ac nibh fusce lacus purus aliquet at feugiat non pretium quis lectus,11.15
congue risus semper porta volutpat quam pede lobortis ligula sit amet eleifend pede libero quis orci nullam molestie nibh in,10.25
erat vestibulum sed magna at nunc commodo placerat praesent blandit nam nulla integer pede justo lacinia,13.17
pellentesque viverra pede ac diam cras pellentesque volutpat dui maecenas,15.18
metus aenean fermentum donec ut mauris,17.77
risus semper porta volutpat quam pede lobortis ligula sit,15.29
ullamcorper,2.98
fusce lacus purus aliquet at feugiat non pretium quis lectus suspendisse potenti in eleifend quam a,10.7
vel nisl duis ac nibh fusce lacus purus aliquet at feugiat non pretium quis lectus suspendisse potenti in eleifend,7.44
hendrerit at vulputate vitae nisl aenean lectus,1.28
dolor,13.53
potenti in eleifend quam a odio in hac habitasse platea dictumst maecenas ut massa quis augue luctus tincidunt,19.6
ultrices posuere cubilia curae duis faucibus accumsan odio curabitur convallis duis consequat,10.43
nunc,12.81
mauris vulputate elementum nullam varius nulla facilisi cras non velit nec nisi vulputate nonummy maecenas tincidunt lacus at,15.92
id nisl venenatis lacinia,5.81
dapibus augue vel accumsan tellus nisi eu,4.02
suspendisse accumsan tortor quis turpis sed ante vivamus tortor duis mattis egestas metus aenean fermentum,6.07
pede justo lacinia eget tincidunt eget tempus vel pede morbi porttitor lorem id ligula suspendisse ornare consequat lectus in est,16.72
tellus semper interdum mauris ullamcorper purus sit amet nulla quisque arcu libero rutrum ac,8.7
et magnis dis parturient montes nascetur ridiculus,15.31
amet justo morbi ut odio cras mi pede malesuada in imperdiet et,6.81
justo lacinia eget tincidunt eget tempus vel pede morbi porttitor lorem id ligula suspendisse ornare consequat lectus in est,3.59
sit amet sapien dignissim vestibulum vestibulum ante ipsum primis in faucibus orci luctus,18.94
venenatis lacinia aenean sit amet justo morbi,3.31
donec dapibus duis at velit eu est congue elementum in hac habitasse platea dictumst,12.42
ante nulla justo aliquam quis turpis eget elit sodales scelerisque mauris sit amet,16.51
non pretium quis lectus suspendisse potenti in eleifend quam,8.63
cursus urna ut tellus nulla ut erat id mauris vulputate elementum,18.01
mauris laoreet ut rhoncus aliquet pulvinar,15.85
lectus aliquam sit amet diam in magna bibendum imperdiet nullam orci pede,13.12
iaculis congue vivamus metus arcu adipiscing molestie hendrerit,1.57
congue etiam justo,13.24
orci eget orci vehicula condimentum curabitur in libero ut massa volutpat convallis morbi odio odio elementum eu interdum eu tincidunt,3.81
eu,5.22
duis bibendum felis sed interdum venenatis turpis,5.24
mus etiam,5.2
morbi porttitor lorem id ligula suspendisse ornare consequat lectus in est risus auctor sed tristique,1.19
rhoncus mauris enim leo rhoncus sed vestibulum sit,14.68
et,4.78
lectus suspendisse potenti in eleifend quam a odio in hac habitasse platea dictumst maecenas ut massa quis augue,5.06
semper rutrum nulla nunc purus phasellus in felis,19.16
ante vivamus tortor duis mattis egestas metus aenean fermentum donec ut mauris eget massa,16.34
semper est quam pharetra magna ac consequat metus sapien,18.46
et ultrices posuere cubilia curae duis faucibus accumsan odio curabitur convallis duis consequat dui nec nisi volutpat eleifend donec ut,11.69
eu mi nulla ac enim in tempor turpis nec euismod scelerisque quam turpis adipiscing lorem vitae mattis nibh ligula,12.79
dictumst etiam faucibus cursus urna ut tellus nulla ut erat id mauris vulputate elementum,13.95
placerat,12.14
mi in porttitor pede justo eu massa donec dapibus duis at velit eu est,3.22
justo pellentesque viverra pede ac diam cras pellentesque volutpat dui maecenas tristique est et tempus semper,10.61
at feugiat non pretium quis,9.79
tincidunt lacus at velit vivamus vel,3.87
euismod scelerisque quam turpis adipiscing lorem vitae mattis nibh ligula nec,12.42
non sodales,18.44
luctus rutrum nulla tellus in sagittis dui vel nisl duis ac nibh fusce lacus purus aliquet at feugiat non,9.82
a libero nam dui proin,18.13
leo odio,8.18
a ipsum,10.02
quisque ut erat curabitur gravida nisi at nibh in hac habitasse platea dictumst aliquam augue,19.67
imperdiet nullam orci pede venenatis non sodales sed tincidunt eu felis fusce posuere felis sed,7.64
vitae nisi nam ultrices libero non mattis pulvinar nulla pede ullamcorper augue a suscipit nulla elit ac nulla sed vel,3.5
non ligula pellentesque ultrices phasellus id sapien in sapien,15.16
id nisl venenatis lacinia aenean sit,11.84
elementum eu interdum eu tincidunt in leo,12.61
diam id ornare imperdiet sapien urna pretium nisl ut volutpat,10.12
viverra diam vitae quam suspendisse potenti nullam porttitor lacus at,12.92
pellentesque at nulla suspendisse potenti cras in purus eu magna vulputate luctus cum sociis natoque penatibus et magnis dis parturient,8.22
potenti nullam porttitor,4.98
lacinia erat vestibulum sed magna at nunc commodo placerat praesent blandit nam,3.89
mattis odio donec vitae nisi nam ultrices libero non,3.99
felis fusce posuere felis sed lacus morbi sem mauris laoreet ut rhoncus aliquet pulvinar sed nisl nunc,18.35
donec odio justo sollicitudin ut suscipit a feugiat et eros,16.2
orci nullam,15.09
quis libero nullam sit amet turpis elementum,13.44
tincidunt eget tempus vel pede morbi porttitor lorem id,9.18
nisl duis bibendum felis sed interdum venenatis turpis,7.58
montes,5.16
sapien placerat ante nulla justo aliquam,15.33
justo lacinia eget tincidunt eget tempus vel pede morbi porttitor lorem id ligula suspendisse ornare consequat,9.48
condimentum neque sapien placerat ante nulla justo aliquam quis turpis eget elit sodales scelerisque mauris sit amet eros,4.89
justo sit amet sapien dignissim vestibulum vestibulum ante,18.53
turpis nec euismod scelerisque quam turpis adipiscing lorem vitae mattis nibh ligula nec sem duis aliquam convallis nunc,17.04
ac,1.22
rutrum rutrum neque aenean auctor gravida sem praesent id massa id nisl venenatis lacinia aenean,4.99
cum sociis natoque,7.1
sed justo pellentesque viverra pede ac diam cras,3.58
dapibus at diam nam tristique tortor eu,1.02
vestibulum ante ipsum primis in faucibus orci luctus et ultrices posuere cubilia curae mauris viverra diam vitae quam suspendisse,10.83
etiam vel augue vestibulum rutrum,1.78
scelerisque quam turpis adipiscing lorem vitae mattis nibh ligula nec sem duis aliquam convallis nunc proin at turpis a pede,9.44
integer non velit donec diam neque vestibulum eget,14.92
donec pharetra magna vestibulum aliquet,12.15
diam vitae quam suspendisse potenti,8.91
neque vestibulum eget vulputate ut ultrices vel augue vestibulum,2.79
morbi non quam nec dui luctus rutrum nulla tellus in sagittis dui vel nisl duis ac nibh,4.85
elit ac nulla sed vel enim sit amet nunc viverra dapibus nulla,12.9
erat vestibulum sed magna at nunc commodo placerat praesent blandit nam nulla,11.09
et commodo vulputate justo in blandit ultrices enim lorem ipsum dolor sit amet consectetuer adipiscing elit proin interdum mauris non,7.34
mi sit amet lobortis sapien sapien non mi integer ac neque duis bibendum,14.91
faucibus orci luctus et ultrices posuere cubilia curae mauris viverra diam vitae,3.22
aliquam non mauris morbi non lectus aliquam sit amet diam in magna bibendum imperdiet nullam orci,7.53
rhoncus aliquet pulvinar sed nisl nunc rhoncus dui vel sem sed sagittis nam congue risus semper porta volutpat,6.94
nam nulla integer pede,1.26
ante vestibulum ante ipsum primis in faucibus orci luctus et ultrices posuere cubilia curae duis faucibus accumsan,1.23
et ultrices posuere cubilia curae mauris viverra diam vitae quam suspendisse potenti nullam porttitor lacus at,6.27
lectus pellentesque at nulla,13.21
dui maecenas tristique est et tempus semper est quam pharetra magna ac consequat metus sapien ut nunc vestibulum ante ipsum,7.84
molestie nibh in lectus pellentesque at nulla suspendisse,13.04
pede ac diam cras pellentesque volutpat dui maecenas,18.86
rutrum at lorem integer tincidunt ante vel ipsum,6.82
ultrices posuere cubilia curae donec pharetra magna vestibulum,5.89
dictumst maecenas ut massa quis augue,18.05
leo rhoncus sed vestibulum sit amet,15.28
rhoncus mauris enim leo rhoncus sed vestibulum sit,6.63
leo maecenas pulvinar lobortis,19.39
fringilla rhoncus mauris enim leo rhoncus sed,10.41
rhoncus mauris enim leo rhoncus sed vestibulum sit amet cursus id turpis integer aliquet,13.29
orci nullam molestie nibh in lectus,9.25
vestibulum sed magna at nunc commodo,3.94
posuere felis sed lacus morbi sem mauris laoreet ut,17.7
mus,8.69
consequat nulla nisl nunc nisl duis bibendum felis sed interdum venenatis,19.81
ultrices posuere cubilia curae duis faucibus accumsan odio curabitur convallis duis consequat dui nec nisi volutpat eleifend donec ut,7.36
viverra dapibus nulla suscipit ligula in lacus curabitur at ipsum ac tellus semper interdum mauris ullamcorper,13.52
nulla mollis molestie lorem quisque ut erat curabitur gravida nisi at nibh in hac habitasse platea dictumst,10.42
eget tincidunt eget tempus vel pede morbi porttitor,14.19
ut rhoncus aliquet pulvinar sed nisl nunc rhoncus dui vel sem sed sagittis nam congue risus,5.02
magna bibendum imperdiet nullam orci pede venenatis non sodales,3.61
nullam porttitor lacus at turpis,8.25
aliquam lacus morbi quis tortor id nulla ultrices aliquet maecenas leo odio,19.6
in ante vestibulum ante ipsum primis,3.3
nisl venenatis lacinia aenean sit amet justo morbi ut odio cras mi pede,3.42
pretium iaculis justo in hac habitasse platea dictumst etiam faucibus cursus urna ut tellus nulla ut erat id,3.38
luctus cum sociis natoque penatibus et magnis dis parturient montes nascetur ridiculus mus vivamus vestibulum sagittis sapien,3.56
odio justo sollicitudin ut suscipit a feugiat et eros vestibulum ac est lacinia,9.0
id massa id nisl venenatis lacinia aenean sit amet,17.41
massa tempor convallis nulla neque libero convallis eget eleifend luctus ultricies,16.76
congue eget semper,14.23
erat vestibulum sed magna at nunc commodo placerat praesent blandit nam nulla integer pede justo lacinia eget tincidunt eget tempus,19.7
tortor id nulla ultrices aliquet maecenas,10.32
felis sed interdum venenatis turpis enim blandit mi in porttitor pede justo eu massa donec dapibus duis at velit eu,1.29
luctus et ultrices posuere cubilia curae donec pharetra magna vestibulum aliquet ultrices erat tortor sollicitudin,5.4
lacinia nisi venenatis tristique fusce congue diam,12.68
vitae ipsum aliquam non mauris morbi non lectus aliquam sit amet diam,7.88
eu massa donec dapibus duis at velit eu est congue elementum in,6.83
maecenas,1.3
feugiat non pretium quis lectus,5.95
sapien placerat ante nulla justo aliquam,19.95
morbi odio odio elementum eu interdum eu tincidunt in leo maecenas pulvinar lobortis est,5.63
id justo sit amet sapien dignissim vestibulum vestibulum ante ipsum primis in faucibus orci luctus,5.38
lobortis vel dapibus at diam nam tristique tortor,18.04
lectus pellentesque,4.81
vestibulum aliquet ultrices erat tortor sollicitudin mi sit amet lobortis,12.85
maecenas rhoncus aliquam lacus morbi quis,1.54
auctor sed tristique in tempus sit amet sem fusce consequat nulla nisl nunc nisl duis bibendum felis sed interdum venenatis,13.91
libero nullam sit amet turpis elementum ligula vehicula consequat morbi a ipsum integer a,12.14
orci eget orci vehicula condimentum curabitur in libero ut massa volutpat convallis morbi odio odio elementum eu interdum,4.44
rutrum ac lobortis vel dapibus at diam nam tristique tortor eu pede,3.12
ut massa quis augue luctus tincidunt nulla mollis molestie lorem quisque ut erat curabitur gravida nisi at nibh in hac,18.01
adipiscing elit proin risus praesent lectus vestibulum quam sapien varius ut blandit non interdum,7.22
elementum pellentesque quisque,10.41
ornare imperdiet sapien urna pretium nisl ut volutpat sapien arcu sed augue aliquam erat volutpat,8.53
felis sed interdum venenatis turpis enim blandit mi in porttitor,12.71
libero,17.09
orci luctus et ultrices posuere cubilia curae nulla dapibus dolor vel est donec odio justo sollicitudin ut suscipit a,8.85
et ultrices posuere cubilia curae donec pharetra magna vestibulum,17.74
lorem integer tincidunt ante vel ipsum praesent blandit lacinia erat vestibulum sed magna at nunc commodo placerat,11.95
morbi porttitor lorem id ligula suspendisse ornare consequat lectus in est risus auctor sed tristique in tempus sit amet sem,8.08
leo rhoncus sed vestibulum sit amet cursus id turpis integer aliquet massa id lobortis convallis,5.7
dictumst maecenas ut,10.09
dictumst aliquam augue quam sollicitudin vitae consectetuer eget rutrum at lorem integer,19.93
ut suscipit a feugiat et,15.86
ut volutpat sapien arcu sed,4.23
eget orci,13.2
integer ac neque duis bibendum morbi non quam nec dui luctus,16.65
ante ipsum primis in faucibus orci luctus et ultrices posuere cubilia,8.33
amet turpis elementum ligula vehicula consequat morbi,16.88
montes nascetur ridiculus mus vivamus,11.55
sed augue aliquam erat volutpat in congue etiam justo etiam pretium,5.05
orci luctus et ultrices posuere cubilia curae mauris viverra diam vitae quam suspendisse potenti nullam porttitor lacus at turpis,17.4
elit proin interdum mauris non ligula pellentesque ultrices phasellus id sapien in sapien iaculis congue vivamus metus,16.6
quis orci eget orci vehicula condimentum curabitur in libero ut massa volutpat convallis morbi odio odio,13.65
a,4.96
faucibus orci luctus et ultrices posuere cubilia curae mauris viverra diam vitae quam suspendisse potenti nullam porttitor lacus,15.03
cras non velit nec nisi vulputate nonummy maecenas tincidunt lacus at velit vivamus vel nulla,18.18
posuere cubilia curae donec pharetra magna,9.09
sit amet eleifend pede libero quis orci nullam molestie nibh in lectus pellentesque at nulla,8.2
mauris morbi non lectus aliquam sit amet diam in magna bibendum imperdiet,11.94
amet eleifend pede libero quis orci nullam molestie nibh in lectus pellentesque at nulla suspendisse potenti cras in purus,7.59
quis turpis eget elit sodales scelerisque mauris sit,4.19
dictumst morbi vestibulum velit id pretium iaculis diam erat fermentum justo,6.32
sollicitudin vitae consectetuer eget rutrum at lorem integer tincidunt,17.45
ultrices posuere cubilia curae nulla dapibus dolor vel est donec odio justo sollicitudin,5.65
ipsum primis in faucibus,12.98
risus auctor sed tristique in tempus sit amet sem fusce consequat nulla nisl,17.06
cras mi pede malesuada in imperdiet et commodo vulputate justo in blandit ultrices enim lorem ipsum dolor sit amet consectetuer,19.83
diam,14.74
eget tempus vel pede morbi porttitor lorem id ligula suspendisse ornare consequat lectus in est risus auctor,16.91
bibendum felis sed interdum venenatis turpis enim blandit mi in porttitor pede,15.01
id lobortis convallis tortor risus dapibus augue vel accumsan tellus,9.39
potenti cras in,13.84
sed ante vivamus tortor duis mattis egestas metus aenean fermentum donec ut mauris eget massa tempor convallis nulla neque libero,8.28
ipsum primis in faucibus orci luctus et,18.74
imperdiet et commodo vulputate justo in blandit ultrices enim lorem ipsum dolor sit amet consectetuer,13.67
sapien in sapien iaculis congue vivamus metus arcu adipiscing molestie hendrerit at vulputate vitae nisl aenean lectus,5.16
at velit vivamus vel nulla eget eros elementum pellentesque quisque porta volutpat,19.44
pellentesque viverra,10.04
libero ut massa volutpat convallis morbi odio odio elementum eu interdum eu tincidunt in leo maecenas pulvinar lobortis,11.02
tincidunt ante vel ipsum praesent blandit lacinia erat vestibulum sed magna at nunc commodo,5.01
sapien cursus vestibulum proin eu mi nulla ac enim in tempor turpis nec euismod scelerisque quam turpis adipiscing,4.8
eget nunc donec quis orci eget orci vehicula condimentum curabitur in,6.8
ornare consequat lectus in est risus auctor sed tristique in tempus sit,15.12
quis lectus suspendisse potenti in eleifend quam a odio,16.37
accumsan tellus nisi eu orci mauris lacinia sapien quis libero nullam sit amet turpis elementum ligula vehicula,3.21
magna ac consequat metus sapien ut nunc vestibulum ante ipsum primis in faucibus orci luctus et ultrices posuere cubilia,11.28
morbi non quam nec dui luctus rutrum nulla tellus in sagittis dui vel nisl duis ac nibh fusce,15.86
velit donec diam neque vestibulum eget vulputate ut ultrices vel augue vestibulum ante ipsum primis in faucibus orci luctus et,7.98
ipsum primis in faucibus orci luctus et ultrices posuere cubilia curae duis faucibus,3.53
ipsum integer a nibh in,10.73
nec sem duis aliquam convallis nunc proin at turpis a pede posuere,16.13
sit amet turpis elementum ligula,14.8
sed interdum venenatis turpis enim blandit mi in porttitor pede justo eu massa donec dapibus duis at velit eu,4.29
ante ipsum primis in faucibus orci luctus et ultrices posuere cubilia curae duis faucibus accumsan odio,8.46
amet erat nulla tempus vivamus in felis eu,19.68
mattis nibh ligula nec,10.23
purus eu magna vulputate luctus cum sociis,2.99
in est risus auctor sed tristique in tempus sit amet sem fusce consequat,14.67
eget orci vehicula condimentum curabitur in libero ut massa volutpat convallis morbi odio odio elementum eu interdum eu tincidunt in,15.34
curabitur at ipsum ac tellus semper interdum mauris ullamcorper purus sit amet nulla quisque arcu libero rutrum,7.29
in,9.52
pede lobortis ligula sit,10.55
morbi non lectus,10.4
non lectus,5.49
nulla facilisi cras non velit nec nisi,10.61
sapien placerat ante nulla justo aliquam quis turpis eget elit sodales,7.43
enim blandit mi in porttitor pede justo eu massa donec dapibus duis at velit eu,16.28
vestibulum velit id pretium,4.53
lacinia erat,6.98
sociis natoque penatibus et,14.55
integer aliquet massa id lobortis convallis tortor risus dapibus augue vel accumsan tellus nisi eu orci mauris lacinia sapien,4.0
duis faucibus accumsan odio curabitur convallis duis consequat dui nec nisi volutpat eleifend donec ut,17.56
augue vestibulum rutrum rutrum neque aenean auctor gravida sem praesent id massa id nisl venenatis lacinia aenean sit amet,14.31
primis in faucibus orci luctus et ultrices posuere cubilia curae mauris viverra diam vitae quam,11.53
elementum nullam varius nulla facilisi cras non velit nec nisi vulputate,13.54
morbi sem mauris laoreet ut rhoncus aliquet,16.18
sed nisl nunc rhoncus dui vel sem sed sagittis nam congue risus semper porta volutpat quam pede lobortis ligula sit,7.23
at dolor quis odio consequat varius integer,9.21
natoque penatibus et magnis dis parturient montes nascetur ridiculus mus vivamus vestibulum sagittis sapien cum sociis natoque,11.34
vel augue vestibulum ante ipsum,19.82
volutpat in congue etiam justo etiam pretium iaculis justo in hac habitasse platea dictumst etiam faucibus cursus,4.55
elementum in hac habitasse platea dictumst morbi vestibulum velit id pretium iaculis diam erat fermentum justo,19.07
etiam faucibus,3.34
volutpat convallis morbi odio odio elementum eu interdum eu tincidunt in leo maecenas pulvinar lobortis est phasellus sit amet erat,10.38
platea dictumst morbi vestibulum velit id pretium iaculis diam erat fermentum justo nec condimentum neque sapien placerat ante nulla,18.3
pede morbi porttitor lorem id ligula suspendisse ornare consequat lectus in,3.56
nulla sed,8.24
metus vitae ipsum aliquam non mauris morbi non lectus aliquam sit amet diam in magna bibendum imperdiet nullam orci,11.07
praesent blandit nam nulla integer pede justo lacinia eget tincidunt eget tempus vel pede morbi porttitor lorem id,5.95
